"item_id","pair_id","source_type","level","distractor_source_ids"
"hotpot-v42::5ac559bd5542993e66e82328","5ac559bd5542993e66e82328","bridge","hard","5a7f8b8c5542995d8a8ddea1;5ac2583b55429951e9e68565;5a73ae3b55429978a71e907c"
"hotpot-v42::5ab3bfd3554299233954ff99","5ab3bfd3554299233954ff99","bridge","hard","5ae0bf3a55429906c02dab21;5ab91f98554299753720f70d;5a72ba1a5542992359bc318b"
"hotpot-v42::5a7dedef5542995f4f40231a","5a7dedef5542995f4f40231a","bridge","hard","5ae494575542995dadf2434d;5a75eca555429976ec32bca8;5abf2e605542993fe9a41de4"
"hotpot-v42::5a7b88165542997c3ec971fe","5a7b88165542997c3ec971fe","bridge","hard","5ab26a4b55429970612095fc;5a728b1c5542992359bc30e0;5a733caa5542992359bc32a3"
"hotpot-v42::5ae3c71f5542991a06ce9a22","5ae3c71f5542991a06ce9a22","bridge","hard","5ae5be86554299546bf82f40;5adce2ee5542992c1e3a2461;5a778f515542995d831811cd"
"hotpot-v42::5a801f215542992bc0c4a6b2","5a801f215542992bc0c4a6b2","bridge","hard","5ae61351554299546bf83066;5a7244955542990c210a408a;5a79fbd3554299029c4b5f93"
"hotpot-v42::5ae680cc5542996d980e7ba5","5ae680cc5542996d980e7ba5","bridge","hard","5a8eb63455429917b4a5bdb7;5abe65e25542993f32c2a101;5a75e29f5542992d0ec0600c"
"hotpot-v42::5adcd5005542994d58a2f6f0","5adcd5005542994d58a2f6f0","bridge","hard","5a9064d05542990a9849360f;5ae686535542996d980e7bdc;5a832e715542990548d0b1bf"
"hotpot-v42::5abdb7ff5542993f32c2a011","5abdb7ff5542993f32c2a011","bridge","hard","5ac0f7df554299012d1db667;5ae0f97a5542997b2ef7d0c1;5a7ea14655429930675135ab"
"hotpot-v42::5ab5820e554299488d4d99c3","5ab5820e554299488d4d99c3","bridge","hard","5a8da1815542994ba4e3dcd7;5a849c135542992a431d1a7a;5ac1c9a15542994ab5c67e1c"
"hotpot-v42::5ae07ddb55429945ae95937b","5ae07ddb55429945ae95937b","comparison","hard","5a8f495c5542997ba9cb3220;5adfc97255429906c02daa41;5a7a112a5542990783324e2b"
"hotpot-v42::5adda8d45542995b365fab59","5adda8d45542995b365fab59","bridge","hard","5ab913205542991b5579f0e0;5a8f44135542992414482a24;5ae52c0f5542992663a4f12e"
"hotpot-v42::5ac3e22d5542997ea680c976","5ac3e22d5542997ea680c976","bridge","hard","5a8b3de95542997f31a41cc3;5ae71d2d554299572ea546f7;5ade3af855429939a52fe867"
"hotpot-v42::5a73a7c755429978a71e9068","5a73a7c755429978a71e9068","bridge","hard","5ab9d44255429939ce03dc36;5a7a15d35542996a35c170c4;5a78cc7c55429974737f789f"
"hotpot-v42::5ab90f5755429934fafe6e57","5ab90f5755429934fafe6e57","bridge","hard","5a752fb75542993748c897df;5a8637415542994775f60724;5ae0af5555429945ae95941e"
"hotpot-v42::5a85fa815542996432c57155","5a85fa815542996432c57155","bridge","hard","5ab2a292554299194fa93496;5a7da0915542990b8f5039d4;5ac292175542996366519a14"
"hotpot-v42::5ae7b40e5542994a481bbdbd","5ae7b40e5542994a481bbdbd","bridge","hard","5a808c215542995d8a8ddf90;5ac4d2cd5542995c82c4ad73;5abbc58455429931dba14502"
"hotpot-v42::5a84574455429933447460e6","5a84574455429933447460e6","bridge","hard","5ae77c245542997b22f6a795;5ae49a1855429970de88d9cc;5a81f49c5542995ce29dcc9a"
"hotpot-v42::5adffb4655429925eb1afbbf","5adffb4655429925eb1afbbf","bridge","hard","5a899bf955429946c8d6e959;5adbfc945542996e68525296;5ae835f25542997ec272776f"
"hotpot-v42::5a74639a55429929fddd8404","5a74639a55429929fddd8404","bridge","hard","5adcdea85542992c1e3a2441;5ab65e1e55429954757d3261;5abe689a55429976d4830b16"
"hotpot-v42::5a81fa59554299676cceb1b0","5a81fa59554299676cceb1b0","bridge","hard","5a825a9d55429940e5e1a870;5ab3fc215542992339550027;5a8dd5f955429917b4a5bcc7"
"hotpot-v42::5a8765ad5542996e4f3087cf","5a8765ad5542996e4f3087cf","comparison","hard","5a770d785542993569682cad;5a7a1e635542990783324e69;5a7622d75542994ccc9186f1"
"hotpot-v42::5adcc975554299473435379f","5adcc975554299473435379f","bridge","hard","5ab30f9a554299233954fef2;5abc6fba554299700f9d78c7;5a87106555429960ec39b71f"
"hotpot-v42::5ae490a85542995ad6573d9d","5ae490a85542995ad6573d9d","bridge","hard","5a7b8749554299294a54a9db;5aba94e355429901930fa845;5ac3959855429939154137f0"
"hotpot-v42::5a81a7f75542995ce29dcc25","5a81a7f75542995ce29dcc25","bridge","hard","5a83880e554299123d8c214e;5a7b1e22554299042af8f6e4;5abc5951554299114383a116"
"hotpot-v42::5a758ba75542992db9473677","5a758ba75542992db9473677","comparison","hard","5a8abcab5542996c9b8d5f67;5ac05e035542992a796decf7;5ab41f6b5542991751b4d671"
"hotpot-v42::5aba749855429955dce3ee34","5aba749855429955dce3ee34","bridge","hard","5ae24b165542996483e64962;5ab69c25554299110f219a39;5a7e0c045542995f4f4023c5"
"hotpot-v42::5a7cc59c55429909bec767fb","5a7cc59c55429909bec767fb","bridge","hard","5a7dc7735542990b8f503a93;5abdf1fe55429976d4830a31;5a85db6e5542994c784ddb96"
"hotpot-v42::5adf8fe55542993344016d0f","5adf8fe55542993344016d0f","bridge","hard","5ae18d615542997283cd2229;5ae7f7d85542994a481bbe52;5a7350585542992359bc32f9"
"hotpot-v42::5a8787305542996e4f30882d","5a8787305542996e4f30882d","bridge","hard","5a7b3ec95542995eb53be8d3;5ae74fc45542997b22f6a6b4;5a8e08ab5542995085b37393"
"hotpot-v42::5ac017945542997d642959bc","5ac017945542997d642959bc","bridge","hard","5a825b0e55429954d2e2eb0c;5adce36e5542990d50227d55;5a7c960655429935c91b5244"
"hotpot-v42::5a8cd291554299441c6b9f14","5a8cd291554299441c6b9f14","bridge","hard","5ab5d9af554299494045f07e;5ab4482b55429942dd415f09;5ae3d8415542992f92d8239a"
"hotpot-v42::5a80071f5542992bc0c4a684","5a80071f5542992bc0c4a684","bridge","hard","5a75d8dc5542992db94736f0;5a8e2fe95542995085b373d0;5a77edf955429967ab1052e8"
"hotpot-v42::5a74524455429979e28828f6","5a74524455429979e28828f6","bridge","hard","5addd41b5542990dbb2f7e94;5ade043d5542997dc7907122;5a823b0c55429940e5e1a804"
"hotpot-v42::5a8abb115542992d82986f66","5a8abb115542992d82986f66","comparison","hard","5adc368155429944faac2468;5ae0f8a05542997b2ef7d0bc;5ab6c94c554299710c8d1f5e"
"hotpot-v42::5ae454355542996836b02c77","5ae454355542996836b02c77","bridge","hard","5a8e60ca5542995a26add4d9;5ab6c181554299110f219a5f;5ae20c465542997283cd236a"
"hotpot-v42::5adf0d2d5542993a75d263e1","5adf0d2d5542993a75d263e1","bridge","hard","5ac4db1d554299076e296e1a;5a81df4b55429903bc27b9f8;5abccb235542996583600497"
"hotpot-v42::5a7a3d435542996a35c17154","5a7a3d435542996a35c17154","bridge","hard","5a8f608d5542992414482a94;5a7345ed5542992359bc32ce;5ab626d555429953192ad279"
"hotpot-v42::5ab2bc6b554299545a2cfa40","5ab2bc6b554299545a2cfa40","bridge","hard","5abd0296554299114383a1d1;5a8e27d45542995a26add46a;5adc597d55429947ff17392f"
"hotpot-v42::5ab6bdd255429953192ad36e","5ab6bdd255429953192ad36e","comparison","hard","5ab1e984554299340b525428;5ac44629554299194317395d;5a80799b5542992bc0c4a72e"
"hotpot-v42::5abc0ba05542996583600409","5abc0ba05542996583600409","bridge","hard","5a77d3f555429967ab1052c5;5adf35935542993344016c36;5a7b7ff75542995eb53be93d"
"hotpot-v42::5a8077ca5542992bc0c4a729","5a8077ca5542992bc0c4a729","bridge","hard","5a7b177b55429927d897bf35;5ac3c1805542995ef918c21f;5a8a1b7a5542992d82986ec0"
"hotpot-v42::5a7b192855429927d897bf39","5a7b192855429927d897bf39","comparison","hard","5ac55ea55542993e66e82377;5a79118755429974737f7962;5a7380e055429908901be2d6"
"hotpot-v42::5adea8cf55429939a52fe92d","5adea8cf55429939a52fe92d","bridge","hard","5a77d31c55429967ab1052c0;5adbfffb5542994650320c39;5ae7247b5542992ae0d163c1"
"hotpot-v42::5ae1f4cb554299234fd0436d","5ae1f4cb554299234fd0436d","bridge","hard","5adf74255542992d7e9f937d;5ac18baa5542991316484b33;5ac2ffea55429921a00ab0cc"
"hotpot-v42::5a7fc6645542992e7d278d6e","5a7fc6645542992e7d278d6e","bridge","hard","5a8fae205542997ba9cb32ec;5ab2082f554299722f9b4c9f;5addda9b5542992200553b5b"
"hotpot-v42::5ae27f555542992decbdcd30","5ae27f555542992decbdcd30","bridge","hard","5a893f305542993b751ca91e;5ac4d314554299076e296e02;5a859a755542992a431d1b6d"
"hotpot-v42::5a8a2e465542996c9b8d5e32","5a8a2e465542996c9b8d5e32","bridge","hard","5addd6045542997dc7907049;5ae80919554299540e5a56f6;5ab6d9b25542995eadef00c8"
"hotpot-v42::5ab859a955429934fafe6d7b","5ab859a955429934fafe6d7b","bridge","hard","5a7cffb755429907fabef09f;5a7776b955429967ab10519e;5a7c35025542996dd594b8d7"
"hotpot-v42::5abe18e055429976d4830a74","5abe18e055429976d4830a74","bridge","hard","5ae26c795542992decbdccfb;5a8b81bc55429949d91db5b8;5a78f89055429974737f792b"
"hotpot-v42::5a7d147955429909bec76942","5a7d147955429909bec76942","bridge","hard","5ab2eff05542991669774140;5a7e86245542991319bc94ce;5a76a2b55542993569682c6c"
"hotpot-v42::5a846c005542990548d0b2b3","5a846c005542990548d0b2b3","bridge","hard","5a8492ab5542992a431d1a5b;5ab7b0575542992aa3b8c83d;5ae0e183554299422ee9953f"
"hotpot-v42::5add3aaa5542992ae4cec500","5add3aaa5542992ae4cec500","bridge","hard","5abaf3195542996cc5e49f2c;5ac3a10b5542995ef918c1c3;5a8ce55f554299441c6b9f62"
"hotpot-v42::5ab521175542996a3a96a02d","5ab521175542996a3a96a02d","bridge","hard","5a7280105542994cef4bc2e4;5ab8eabb5542991b5579f03d;5ab446875542990594ba9bea"
"hotpot-v42::5ac3a2fa5542993915413857","5ac3a2fa5542993915413857","bridge","hard","5ae765bf5542995703ce8c12;5ae7793c554299540e5a55c2;5a7ca98f55429935c91b5288"
"hotpot-v42::5a74872655429979e2882978","5a74872655429979e2882978","bridge","hard","5a72120e55429971e9dc923f;5a78d16455429974737f78bb;5a75d35d5542992d0ec05ffe"
"hotpot-v42::5a89b8f0554299669944a580","5a89b8f0554299669944a580","bridge","hard","5ac285335542996773102552;5a8a57fe55429930ff3c0da0;5a8ced46554299441c6b9f82"
"hotpot-v42::5a76648f5542992db9473795","5a76648f5542992db9473795","bridge","hard","5ade6acf554299728e26c71a;5ade99235542997c77adee7f;5a75e814554299109176e5c7"
"hotpot-v42::5ab4341c55429942dd415ede","5ab4341c55429942dd415ede","bridge","hard","5a7ce444554299683c1c63c1;5ae66b055542995703ce8b61;5a7e782655429934daa2fc26"
"hotpot-v42::5a8ad59355429950cd6afba4","5a8ad59355429950cd6afba4","bridge","hard","5adf37785542992d7e9f92d3;5ae6316d5542996de7b71b87;5a74655b55429974ef308bf0"
"hotpot-v42::5ab7f2d05542993667794064","5ab7f2d05542993667794064","bridge","hard","5abffda6554299012d1db55b;5add9bfa5542990dbb2f7e85;5a8d40715542994ba4e3dc3a"
"hotpot-v42::5ae68fcb5542992ae0d1635b","5ae68fcb5542992ae0d1635b","bridge","hard","5adbe1b355429944faac23a0;5ae26fad554299495565da6f;5a7df1095542990b8f503afe"
"hotpot-v42::5a8f12705542997ba9cb31be","5a8f12705542997ba9cb31be","bridge","hard","5a793d335542994bb9456fca;5ab7ba4155429928e1fe38b2;5a7380e855429905862fe041"
"hotpot-v42::5a82a91155429940e5e1a911","5a82a91155429940e5e1a911","comparison","hard","5a863b87554299211dda2ab7;5ac0c3275542992a796ded7d;5a73b1855542992d56e7e388"
"hotpot-v42::5a8459aa5542996488c2e51e","5a8459aa5542996488c2e51e","bridge","hard","5ae2b83c5542992decbdcd7f;5a7b820c5542997c3ec971d8;5a8d8e4f5542994ba4e3dca7"
"hotpot-v42::5a7e02e05542995ed0d1667c","5a7e02e05542995ed0d1667c","comparison","hard","5a8727dd5542991e771816f8;5ab474b35542990594ba9c25;5ae358c05542990afbd1e10f"
"hotpot-v42::5abeab375542990832d3a091","5abeab375542990832d3a091","bridge","hard","5ab9ddaa5542994dbf019873;5ab6f17d5542995eadef00ee;5abe36aa5542993f32c2a08f"
"hotpot-v42::5adbdc8a55429944faac238e","5adbdc8a55429944faac238e","bridge","hard","5a7e3c6e5542994959419937;5ae81032554299540e5a572a;5a728f3c5542992359bc30f4"
"hotpot-v42::5a7dbb295542990b8f503a4b","5a7dbb295542990b8f503a4b","bridge","hard","5a84a1c85542992a431d1a7c;5ae74fb95542991e8301cc57;5ae455d45542996836b02c7b"
"hotpot-v42::5a7b76225542997c3ec9719c","5a7b76225542997c3ec9719c","comparison","hard","5a7c76275542990527d554b4;5ab8494d55429916710eb016;5adf95745542995534e8c7f8"
"hotpot-v42::5a8135cc55429903bc27b943","5a8135cc55429903bc27b943","bridge","hard","5a7ced4355429909bec76895;5ab3c48755429969a97a81b8;5ae6c2285542995703ce8b9a"
"hotpot-v42::5ac562115542993e66e823bf","5ac562115542993e66e823bf","bridge","hard","5a83eaae55429933447460b4;5ab209ec554299722f9b4ca2;5a7615fb5542992db9473727"
"hotpot-v42::5abd94525542992ac4f382d2","5abd94525542992ac4f382d2","bridge","hard","5a82e25555429954d2e2ebbf;5add56a85542992200553abe;5ae75a5a5542991bbc9761f3"
"hotpot-v42::5a7af1a955429931da12c98f","5a7af1a955429931da12c98f","comparison","hard","5a77731955429972597f1541;5ae7da705542993210983f96;5a79395455429970f5fffe7d"
"hotpot-v42::5a8b8f5b55429949d91db5e1","5a8b8f5b55429949d91db5e1","bridge","hard","5ac1a3665542994ab5c67daf;5a8d0e305542994ba4e3dbbe;5a75ac415542992d0ec05fdb"
"hotpot-v42::5abe5ee955429976d4830b03","5abe5ee955429976d4830b03","bridge","hard","5ab487765542990594ba9c4e;5a8642045542991e771815e2;5a80b9df5542992bc0c4a7ec"
"hotpot-v42::5a7b2144554299042af8f6f7","5a7b2144554299042af8f6f7","bridge","hard","5ab1e76c554299449642c800;5a8b99a45542997f31a41d7f;5a74994a55429974ef308c2e"
"hotpot-v42::5a75140b5542996c70cfae87","5a75140b5542996c70cfae87","bridge","hard","5add2b435542990d50227e11;5a7b2c9155429927d897bf51;5a7f40de5542992e7d278cc8"
"hotpot-v42::5a7e08305542995f4f4023ab","5a7e08305542995f4f4023ab","comparison","hard","5adec96e5542995534e8c712;5a8b452655429971feec468e;5ae267a35542992decbdccee"
"hotpot-v42::5a859a9c5542997175ce1fd6","5a859a9c5542997175ce1fd6","bridge","hard","5ae748d1554299572ea547b0;5a7bb52355429927d897c01a;5ac195455542991316484b40"
"hotpot-v42::5abec8e45542997ec76fd364","5abec8e45542997ec76fd364","bridge","hard","5a86f13c554299211dda2b5e;5a8318955542990548d0b177;5a7b4073554299042af8f733"
"hotpot-v42::5a83c9445542992ef85e2360","5a83c9445542992ef85e2360","bridge","hard","5a8dff3f5542995085b37370;5ab250b9554299722f9b4cd9;5a7f85505542995d8a8dde95"
"hotpot-v42::5a9023d355429916514e742f","5a9023d355429916514e742f","bridge","hard","5adcbb815542994ed6169bde;5ae5e8c85542996de7b71a69;5a886c0c55429938390d3f51"
"hotpot-v42::5a7e60a855429949594199ae","5a7e60a855429949594199ae","bridge","hard","5a89e3995542992e4fca844d;5ab4b7d15542996a3a969fbc;5a7148685542994082a3e761"
"hotpot-v42::5abcf9d155429959677d6b90","5abcf9d155429959677d6b90","bridge","hard","5a873ec75542996432c57244;5ae4cda05542990ba0bbb148;5ac4ecea55429919431739fd"
"hotpot-v42::5a85f4ec5542994775f606c6","5a85f4ec5542994775f606c6","bridge","hard","5adc6c4c5542994650320ce0;5ac194db55429964131be23a;5a85cd295542997175ce202b"
"hotpot-v42::5ae3dfb05542992e3233c490","5ae3dfb05542992e3233c490","bridge","hard","5adfd22255429906c02daa4f;5a8db348554299068b959dc2;5adbd3405542994650320bf8"
"hotpot-v42::5a78d2b955429974737f78c0","5a78d2b955429974737f78c0","bridge","hard","5ac2758b55429963665199c3;5ac259585542992f1f2b3868;5a8747915542994775f607bb"
"hotpot-v42::5a8fab8c5542995b4424208a","5a8fab8c5542995b4424208a","bridge","hard","5ac288a95542990b17b153e5;5ae5be02554299546bf82f3e;5a790d8f554299029c4b5eec"
"hotpot-v42::5ae7945d5542997b22f6a7ba","5ae7945d5542997b22f6a7ba","bridge","hard","5a839cb9554299123d8c2169;5ab4314955429942dd415ecd;5a7a69365542996c55b2dd9b"
"hotpot-v42::5abee69c5542993fe9a41d8b","5abee69c5542993fe9a41d8b","bridge","hard","5a8f05b1554299458435d517;5abcf5ec55429959677d6b76;5abeebe25542993fe9a41d9c"
"hotpot-v42::5a73583455429901807dafcf","5a73583455429901807dafcf","bridge","hard","5ab4475c5542996a3a969f6c;5adbe27c55429947ff173854;5adc94dc5542990d50227cad"
"hotpot-v42::5ae08a0455429924de1b70fc","5ae08a0455429924de1b70fc","bridge","hard","5ac39d22554299391541381f;5a8baf635542996e8ac889c6;5adcc7515542994ed6169bff"
"hotpot-v42::5ade450b5542997c77adedc5","5ade450b5542997c77adedc5","bridge","hard","5a88a42f554299206df2b317;5a7b7bed5542997c3ec971bc;5a81ebee554299676cceb16d"
"hotpot-v42::5ac4e9ab5542996feb3fe974","5ac4e9ab5542996feb3fe974","bridge","hard","5a89bb0b5542992e4fca83a0;5a71214d5542994082a3e5b9;5a7b2ec755429927d897bf53"
"hotpot-v42::5a7e6c725542991319bc94a4","5a7e6c725542991319bc94a4","comparison","hard","5ab294a6554299545a2cf9a6;5a7a0201554299029c4b5f9e;5adea2435542992fa25da7e4"
"hotpot-v42::5a73cf5e55429978a71e909f","5a73cf5e55429978a71e909f","bridge","hard","5add98ef5542997545bbbd82;5a72f1cf5542994cef4bc414;5adfa1f9554299025d62a308"
"hotpot-v42::5ac0cfb45542997d64295a58","5ac0cfb45542997d64295a58","bridge","hard","5a72830e5542994cef4bc2f9;5ade09a15542995b365fabdf;5a76334c5542994ccc918710"
"hotpot-v42::5a8010685542992bc0c4a69a","5a8010685542992bc0c4a69a","bridge","hard","5ab93262554299131ca422b6;5abaad5855429901930fa88f;5a83305d55429966c78a6b4a"
"hotpot-v42::5add5f925542997545bbbd48","5add5f925542997545bbbd48","comparison","hard","5a7f18a35542994959419aa6;5abe731255429965af743f0e;5ac406c155429919431738fc"
"hotpot-v42::5ae39f405542991a06ce9a02","5ae39f405542991a06ce9a02","bridge","hard","5abd6be55542993062266c89;5abb14a55542992ccd8e7f06;5ab7f27e5542991d322237d6"
"hotpot-v42::5a79cd665542994bb94570bf","5a79cd665542994bb94570bf","comparison","hard","5a8b99c355429950cd6afd28;5a74e5aa5542996c70cfae2e;5adccd795542990d50227d2c"
"hotpot-v42::5adebea1554299728e26c7b6","5adebea1554299728e26c7b6","bridge","hard","5a80b52f554299485f5986d6;5ab84d5a55429916710eb028;5ae1f2d4554299234fd04358"
"hotpot-v42::5ab741005542992aa3b8c800","5ab741005542992aa3b8c800","bridge","hard","5ab6a261554299710c8d1f07;5addfc425542997dc7907101;5a83108d55429966c78a6b1e"
"hotpot-v42::5adda7585542997dc790700c","5adda7585542997dc790700c","bridge","hard","5a8841195542994846c1ce65;5a72a3c45542994cef4bc3ac;5ae75c6e5542991bbc9761f8"
"hotpot-v42::5a8367c1554299334474600e","5a8367c1554299334474600e","bridge","hard","5ae7766455429952e35ea920;5ae0c29c5542993d6555ec46;5ae74818554299572ea547ad"
"hotpot-v42::5ac4f8705542995c82c4ad8d","5ac4f8705542995c82c4ad8d","bridge","hard","5ae49bb755429970de88d9d7;5a85cead5542991dd0999ea9;5ab44a775542991779162c57"
"hotpot-v42::5ae5d82f554299546bf82f9a","5ae5d82f554299546bf82f9a","bridge","hard","5ae3d5ec5542992f92d8238c;5a7663665542992d0ec060d3;5abdf7055542993f32c2a06c"
"hotpot-v42::5ae5feaf5542996de7b71ac6","5ae5feaf5542996de7b71ac6","bridge","hard","5a7587705542992db9473674;5a7750de55429966f1a36cf0;5a84cf175542992a431d1aa2"
"hotpot-v42::5a713a5a5542994082a3e6a9","5a713a5a5542994082a3e6a9","bridge","hard","5a73471a5542991f9a20c6d7;5abdf12255429976d4830a2f;5adf076f5542992d7e9f9277"
"hotpot-v42::5ac43530554299204fd21f0a","5ac43530554299204fd21f0a","bridge","hard","5adea83b55429975fa854f53;5abcffc2554299700f9d7951;5adf39d55542992d7e9f92e6"
"hotpot-v42::5ae505d355429908b63264e4","5ae505d355429908b63264e4","bridge","hard","5ab506a05542990594ba9cd6;5ae2dd2055429928c423950d;5ae75eb45542991bbc976201"
"hotpot-v42::5ac3f1c9554299204fd21ed4","5ac3f1c9554299204fd21ed4","bridge","hard","5ae532f85542990ba0bbb20a;5adfd0d455429942ec259b4d;5a7741775542994aec3b724f"
"hotpot-v42::5a70f0a75542994082a3e403","5a70f0a75542994082a3e403","bridge","hard","5a7fac0055429969796c1b1b;5ae26b5f5542992decbdccf8;5a88016b5542997e5c09a58a"
"hotpot-v42::5a7f63645542992e7d278cf1","5a7f63645542992e7d278cf1","comparison","hard","5a8f7c9a55429918e830d239;5a7c25895542997c3ec972e6;5ab674b7554299110f219a0c"
"hotpot-v42::5adeab4555429975fa854f5f","5adeab4555429975fa854f5f","bridge","hard","5ae62c385542995703ce8b3e;5a8f54165542992414482a52;5a75d8a3554299109176e5a6"
"hotpot-v42::5a739b1955429978a71e9044","5a739b1955429978a71e9044","bridge","hard","5a8c6342554299240d9c214a;5aba89365542994dbf019932;5aba8d4655429901930fa82b"
"hotpot-v42::5a80ae105542992bc0c4a7a2","5a80ae105542992bc0c4a7a2","comparison","hard","5ae7281c5542991e8301cb69;5abed7d75542990832d3a0f7;5ae4083755429970de88d885"
"hotpot-v42::5a8dee2455429917b4a5bce1","5a8dee2455429917b4a5bce1","bridge","hard","5a843de75542992ef85e23b4;5a7621bb554299109176e650;5a7780e855429949eeb29e9f"
"hotpot-v42::5adc459255429944faac24ad","5adc459255429944faac24ad","bridge","hard","5a85b2ac5542991dd0999e90;5ab3bacc55429969a97a8197;5ade0e115542995b365fabf3"
"hotpot-v42::5a7f9cb55542995d8a8ddec1","5a7f9cb55542995d8a8ddec1","comparison","hard","5ae70369554299572ea54683;5a80b35c5542992bc0c4a7b8;5ae444b55542996836b02c63"
"hotpot-v42::5a820cb355429903bc27ba2f","5a820cb355429903bc27ba2f","bridge","hard","5a83316b5542993344745fe5;5a792ad055429907847277d1;5a81ea115542995ce29dcc78"
"hotpot-v42::5abe369055429976d4830a8a","5abe369055429976d4830a8a","bridge","hard","5abd6cb955429933744ab7cd;5a7a919455429941d65f26b5;5a9073405542995b442420bb"
"hotpot-v42::5a834cea5542990548d0b1c6","5a834cea5542990548d0b1c6","bridge","hard","5ab9587d55429970cfb8ea7e;5a7d61645542997cc2c47455;5a72814f5542994cef4bc2eb"
"hotpot-v42::5a8e7c095542990e94052b22","5a8e7c095542990e94052b22","bridge","hard","5a8ba45b554299240d9c2051;5ac3a76e554299741d48a2be;5ab465095542991751b4d75a"
"hotpot-v42::5a74cfed5542993748c896ea","5a74cfed5542993748c896ea","comparison","hard","5a8cca64554299653c1aa125;5a7fb5ce5542994857a767ca;5adf98215542993344016d19"
"hotpot-v42::5a775bab5542994aec3b72a8","5a775bab5542994aec3b72a8","bridge","hard","5a7f7b365542992097ad2f80;5a810221554299260e20a1f9;5a81537355429926c1cdad20"
"hotpot-v42::5a87ab905542996e4f3088c1","5a87ab905542996e4f3088c1","bridge","hard","5ac0641f554299294b218fbe;5a7c646e55429907fabeef7c;5ade4801554299728e26c6ab"
"hotpot-v42::5a84a7f95542992a431d1a85","5a84a7f95542992a431d1a85","bridge","hard","5a8aa5835542996c9b8d5f4e;5a73f4f75542993a88ae2ebc;5a7e59c855429934daa2fc0f"
"hotpot-v42::5a7b69b155429927d897bfbc","5a7b69b155429927d897bfbc","bridge","hard","5a790e69554299148911f9d7;5a7a6c1a5542994f819ef1d5;5a7de14a5542991319bc93fc"
"hotpot-v42::5a7e31c055429934daa2fbee","5a7e31c055429934daa2fbee","comparison","hard","5abc23c45542993a06baf896;5ab67cf455429954757d3302;5a8a484f5542996c9b8d5e94"
"hotpot-v42::5ab1c6c5554299722f9b4c67","5ab1c6c5554299722f9b4c67","comparison","hard","5ab322b1554299194fa93570;5ab6c47e55429954757d3368;5ae4c2b95542995dadf243ef"
"hotpot-v42::5abdc18555429965af743e2b","5abdc18555429965af743e2b","bridge","hard","5a7149cf5542994082a3e773;5ab844815542992aa3b8c8af;5ae37ec25542990afbd1e178"
"hotpot-v42::5ae6fee3554299572ea54670","5ae6fee3554299572ea54670","bridge","hard","5a8c7623554299653c1aa07a;5ab467975542991751b4d75f;5ac42a64554299076e296d7b"
"hotpot-v42::5a8b3f8a5542995d1e6f131f","5a8b3f8a5542995d1e6f131f","bridge","hard","5ab611cc5542992aa134a411;5a85ae455542997175ce1ff0;5add23d05542994734353871"
"hotpot-v42::5a8595a85542992a431d1b48","5a8595a85542992a431d1b48","bridge","hard","5a7e21165542995ed0d166a2;5ab4fd0b55429942dd415fbb;5a8126265542995ce29dcbc9"
"hotpot-v42::5ab56200554299494045ef88","5ab56200554299494045ef88","bridge","hard","5a77724455429972597f153e;5ac42f42554299076e296d88;5a7a276d5542996c55b2dd27"
"hotpot-v42::5a760dcd5542994ccc9186a1","5a760dcd5542994ccc9186a1","bridge","hard","5a7717635542994aec3b71e3;5a7c465a5542990527d5547f;5ac41f1d5542991943173924"
"hotpot-v42::5add56ad5542992200553abf","5add56ad5542992200553abf","bridge","hard","5a7bbb64554299042af8f7cc;5a7e1b7155429965cec5ea6c;5ae6152d5542996de7b71b38"
"hotpot-v42::5ae3ff575542995dadf242aa","5ae3ff575542995dadf242aa","bridge","hard","5a7cb8bc554299452d57b9be;5ae5d7b755429929b08079cd;5adbfb3f55429947ff17388a"
"hotpot-v42::5a7125165542994082a3e5d0","5a7125165542994082a3e5d0","comparison","hard","5a85dfcc5542994775f60673;5a89e98955429946c8d6ea0c;5adbe75455429944faac23af"
"hotpot-v42::5abd2eb255429933744ab750","5abd2eb255429933744ab750","bridge","hard","5ab8680755429934fafe6da8;5ac5632e5542993e66e823d9;5ae54b6355429908b63265cc"
"hotpot-v42::5a8c78a8554299585d9e36bc","5a8c78a8554299585d9e36bc","bridge","hard","5a72a9ac5542991f9a20c55f;5a79dae35542994f819ef0d3;5aba52e655429939ce03dc94"
"hotpot-v42::5a83870f554299123d8c2149","5a83870f554299123d8c2149","bridge","hard","5ab8effd5542991b5579f062;5a8cac04554299240d9c21ce;5ac270e05542992f1f2b38c9"
"hotpot-v42::5a78db8055429970f5fffdb2","5a78db8055429970f5fffdb2","bridge","hard","5adf1b8a5542995534e8c750;5addbf645542997dc7907014;5a7a6ee75542996c55b2ddac"
"hotpot-v42::5adf32ee5542995534e8c767","5adf32ee5542995534e8c767","bridge","hard","5abcedb355429959677d6b4f;5ac11a8d5542992a796dedee;5a81736255429903bc27b96e"
"hotpot-v42::5a7fc03d5542992097ad2fbc","5a7fc03d5542992097ad2fbc","bridge","hard","5abd578a5542993062266c5d;5ae6143f5542996de7b71b2d;5a76a0005542993569682c64"
"hotpot-v42::5ac1c7605542994ab5c67e14","5ac1c7605542994ab5c67e14","bridge","hard","5a7c290c5542990527d55468;5a75321555429916b0164290;5ae35b6b5542990afbd1e116"
"hotpot-v42::5ae5415055429908b63265b7","5ae5415055429908b63265b7","bridge","hard","5abde4595542991f66106095;5abbcfaf5542993f40c73ba9;5a82e36255429940e5e1a93b"
"hotpot-v42::5a86ec9f55429960ec39b6d7","5a86ec9f55429960ec39b6d7","comparison","hard","5a8f077b554299458435d526;5ac0aa955542997d64295a49;5ae534bb5542990ba0bbb21d"
"hotpot-v42::5abb0b5c5542996cc5e49f79","5abb0b5c5542996cc5e49f79","bridge","hard","5a89d3e15542992e4fca83d4;5a7da8065542995f4f4022a7;5ae13c5155429920d5234336"
"hotpot-v42::5ae60d36554299546bf8303e","5ae60d36554299546bf8303e","bridge","hard","5a71674f5542994082a3e819;5ae35e8c5542990afbd1e120;5ae6914755429908198fa627"
"hotpot-v42::5ae74eeb5542991bbc9761e1","5ae74eeb5542991bbc9761e1","bridge","hard","5ac3090d5542990b17b154fc;5a812d0555429938b61422e1;5a74d92555429929fddd84fa"
"hotpot-v42::5a8aa1685542992d82986f32","5a8aa1685542992d82986f32","bridge","hard","5ae057fd55429945ae959328;5ab871725542990e739ec8f8;5abbfc2b554299642a094bc9"
"hotpot-v42::5a906a685542990a9849362e","5a906a685542990a9849362e","bridge","hard","5a835e215542992ef85e2296;5ab1d7ac554299449642c7e6;5a90b7f355429916514e752d"
"hotpot-v42::5ae81b895542997ec272770c","5ae81b895542997ec272770c","bridge","hard","5adf37a95542995ec70e8f97;5ac5630e5542993e66e823d5;5a7af4bb55429927d897bf1d"
"hotpot-v42::5abe84a95542991f6610619b","5abe84a95542991f6610619b","bridge","hard","5add7c9c5542990dbb2f7e60;5ae1b2b9554299422ee99684;5ab7c24e5542995dae37e998"
"hotpot-v42::5ae4cf975542990ba0bbb151","5ae4cf975542990ba0bbb151","bridge","hard","5add673e5542992ae4cec54d;5a83b4d35542996488c2e495;5ab627d555429953192ad27e"
"hotpot-v42::5ae10572554299422ee995cd","5ae10572554299422ee995cd","bridge","hard","5a8d8abf5542994ba4e3dca1;5ab7f1b65542991d322237d3;5ae7cb575542997ec27276ea"
"hotpot-v42::5ae4988655429970de88d9c1","5ae4988655429970de88d9c1","comparison","hard","5a721dfd55429971e9dc928b;5a898872554299669944a540;5a7cb94f554299683c1c6353"
